mysql> select * from orders where Amt > 1000;
+------+---------+------------+------+------+
| Onum | Amt     | Odate      | Cnum | Snum |
+------+---------+------------+------+------+
| 3002 | 1900.10 | 1990-10-03 | 2007 | 1004 |
| 3005 | 5160.45 | 1990-10-03 | 2003 | 1002 |
| 3006 | 1098.16 | 1990-10-03 | 2008 | 1007 |
| 3009 | 1713.23 | 1990-10-04 | 2002 | 1003 |
| 3008 | 4723.00 | 1990-10-05 | 2006 | 1001 |
| 3010 | 1309.95 | 1990-10-06 | 2004 | 1002 |
| 3011 | 9891.88 | 1990-10-06 | 2006 | 1001 |
+------+---------+------------+------+------+
7 rows in set (0.00 sec)



------------------------------------------------------------------------------------------------------



mysql> select sname,city from salespeople where comm>0.10;
+--------+-----------+
| sname  | city      |
+--------+-----------+
| Peel   | London    |
| Serres | San Jose  |
| Motika | London    |
| Rifkin | Barcelona |
+--------+-----------+
4 rows in set (0.00 sec)


-------------------------------------------------------------------------------------------------------

mysql> select * from customers where cnum not in(
    -> select cnum from customers where rating <=100 and city != 'Rome');
+------+----------+----------+--------+------+
| Cnum | Cname    | City     | Rating | Snum |
+------+----------+----------+--------+------+
| 2002 | Giovanni | Rome     |    200 | 1003 |
| 2003 | Liu      | San Jose |    200 | 1002 |
| 2004 | Grass    | Berlin   |    300 | 1002 |
| 2008 | Cisneros | San Jose |    300 | 1007 |
| 2007 | Pereira  | Rome     |    100 | 1004 |
+------+----------+----------+--------+------+
5 rows in set (0.00 sec)



---------------------------------------------------------------------------------------------------------------
Rows with amt less than 1000 will be included.
Rows with odate not equal to '1990-10-03' and cnum not greater than 2003 will be included.
Rows with odate equal to '1990-10-03' and cnum greater than 2003 will be excluded.






---------------------------------------------------------------------------------------------
Rows with odate not equal to '1990-10-03' and snum not greater than 1006 will be included.
Rows with amt less than 1500 will be included.



--------------------------------------------------------------------------------------------------
mysql> select snum,sname,city,comm
    -> from salespeople
    -> ;
+------+---------+-----------+------+
| snum | sname   | city      | comm |
+------+---------+-----------+------+
| 1001 | Peel    | London    | 0.12 |
| 1002 | Serres  | San Jose  | 0.13 |
| 1004 | Motika  | London    | 0.11 |
| 1007 | Rifkin  | Barcelona | 0.15 |
| 1003 | Axelrod | New York  | 0.10 |
+------+---------+-----------+------+
5 rows in set (0.00 sec)